36.129181, -80.258384, Wake	Forest	Rd	&	Wingate	Rd
36.098222, -80.246861, Alaris	Village	-	Building	5005
36.102085, -80.24639, Deacon	Ridge	-	Building	900
36.133016, -80.277953, Crowne	Oaks
36.133016, -80.277953, Wake	Forest	Rd	&	Wingate	Rd